epoch,train_loss,train_acc,val_loss,val_acc
1,284.95003528693877,0.0,245.95723798198085,0.0
2,228.7911889799382,0.008376545672118069,205.1925538859487,0.07526881720430108
3,197.00135942602898,0.06900678101316314,182.6545878311212,0.12544802867383512
4,175.71830486576064,0.0953330674112485,163.18075216970135,0.12903225806451613
5,156.14136862707272,0.0953330674112485,144.6199417934623,0.13261648745519714
6,137.34371074224592,0.09772636617471081,126.79411217474168,0.13261648745519714
7,119.1802665244834,0.09892301555644196,109.37642902114486,0.12903225806451613
8,101.44519143091239,0.09812524930195453,92.6884995600656,0.1111111111111111
