snr_db,fer_scl,fer_dl
4.500,4.116667e-01,2.916667e-01
5.000,2.583333e-01,1.700000e-01
5.500,1.343333e-01,8.033333e-02
6.000,4.966667e-02,2.700000e-02
