snr_db,fer_scl,fer_dl
4.500,2.113333e-01,1.653333e-01
5.000,1.053333e-01,8.333333e-02
5.500,3.333333e-02,2.066667e-02
6.000,8.000000e-03,8.000000e-03
