snr_db,fer_uncoded,ber_uncoded,fer_scl,ber_scl,fer_dl,ber_dl
5.000,2.180000e-01,6.200000e-03,4.550000e-02,7.132813e-03,3.550000e-02,1.257813e-02
