snr_db,fer_scl,fer_dl
4.500,9.533333e-02,7.333333e-02
5.000,4.000000e-02,3.066667e-02
5.500,1.066667e-02,8.666667e-03
6.000,3.333333e-03,3.333333e-03
