snr_db,fer_uncoded,ber_uncoded,fer_scl,ber_scl,fer_dl,ber_dl
5.000,2.180000e-01,6.200000e-03,1.300000e-02,1.937500e-03,1.000000e-02,2.882812e-03
