snr_db,fer_scl,fer_dl
4.500,3.133333e-02,2.400000e-02
5.000,8.666667e-03,6.666667e-03
5.500,2.666667e-03,2.000000e-03
6.000,0.000000e+00,0.000000e+00
